site_id,registry_id,bnrrm_site_name,bc_csr_site_name,region,waterbody,latitude,longitude,coordinate_source,coordinate_quality_tier,n_stations,n_stations_geocoded_before_pr_map_0,n_stations_geocoded_after_pr_map_0,n_reference,n_impacted_explicit,n_sampling_or_unknown,sediment_chem_rows
1,9930,Woodfibre (Former Squamish Pulp Mill),"WOODFIBRE MILL NEAR SQUAMISH, SQUAMISH",Sea-to-Sky,Howe Sound,49.666858,-123.253600,bc_csr_centroid,medium,198,0,198,8,14,176,7233
2,0311,CP Nelson Yard (Hall Mines Smelter),CP RAIL YARD-NELSON,Kootenay,Kootenay Lake,49.491056,-117.300972,bc_csr_centroid,medium,8,8,8,2,6,0,56
3,4205,Island Copper Mine (Foreshore),BHP MINERALS ISLAND COPPER MINE SITE,Vancouver Island North,Rupert Inlet / Pacific Ocean,50.597253,-127.501833,bc_csr_centroid,medium,15,0,15,1,14,0,105
4,15125,Blue Water (855 Centennial Road),"855 CENTENNIAL ROAD, VANCOUVER",Lower Mainland,Burrard Inlet,49.283644,-123.085022,bc_csr_centroid,medium,24,0,24,1,23,0,110
5,3130,"IOCO Shoreline (2225 Ioco Road, Port Moody)",IOCO LANDS (INCLUDING FORMER REFINERY),Lower Mainland,Burrard Inlet,49.304694,-122.876611,bc_csr_centroid,medium,6,6,6,0,6,0,48
6,15184,Toquaht Bay Marina and Campground,TOQUAHT BAY MARINA AND CAMPGROUND,Vancouver Island,Toquaht Bay,49.019444,-125.359444,bc_csr_centroid,medium,20,20,20,0,20,0,140
7,0331,"Rio Tinto BC Works (ALCAN Smelter), Kitimat","1 SMELTERSITE RD, ALCAN SMELTERS KITIMAT",North Coast,Kitimat Arm / Yacht Basin,54.015611,-128.691222,bc_csr_centroid,medium,5,0,5,0,5,0,44
8,16029,Hercules Forwarding ULC (Brunette River),"12270 102ND AVENUE, SURREY",Metro Vancouver,Brunette River,49.188133,-122.868647,bc_csr_centroid,medium,6,6,6,2,4,0,48
9,5668,Pinchi Lake Mercury Mine,"PINCHI MINE, FORT ST JAMES",Central BC,Pinchi Lake,54.627231,-124.432461,bc_csr_centroid,medium,8,0,8,1,7,0,63
10,8859,8859,THE WINROC CORPORATION,,,49.178611,-122.688889,bc_csr_centroid,medium,0,0,0,0,0,0,0
11,1419,1419 Versatile,VERSATILE SHIPYARDS - 21 WALLACE MEWS,,,49.309194,-123.077278,bc_csr_centroid,medium,73,0,73,0,0,73,13
12,4084,4084 Cordova Bay Shell,"PAYLESS #28-5146 CORDOVA BAY RD, SAANICH",,,48.523194,-123.368028,bc_csr_centroid,medium,14,0,14,0,0,14,8
13,0141,0141 Nexen,FORMER CANADIAN OCCIDENTAL/NEXEN PLANT,,,49.687583,-123.162639,bc_csr_centroid,medium,34,0,34,0,0,34,1
14,12046,12046,CATALYST PAPER ELK FALLS MILL,,,50.070000,-125.282222,bc_csr_centroid,medium,0,0,0,0,0,0,0
15,1210,1210 GREYSTONE,FORMER FULLERTON LUMBER CO PROPERTY,,,49.315336,-123.098061,bc_csr_centroid,medium,0,0,0,0,0,0,0
16,20000,20000,"21 WALLACE MEWS, NORTH VANCOUVER",,,49.308842,-123.078464,bc_csr_centroid,medium,22,0,22,0,0,22,19
17,2452,2452,ALPHA MANUFACTURING/BURNS DEVELOPMENT,,,49.149278,-122.984722,bc_csr_centroid,medium,16,0,16,0,0,16,0
18,3250,3250 Trail WAS,"25 ALDRIDGE AVENUE, TRAIL",,,49.103972,-117.724556,bc_csr_centroid,medium,21,0,21,0,0,21,3
19,18374,18374,"2311,2381&2499(FORM 2425 BETA AVE),BURN",,,49.262906,-122.998600,bc_csr_centroid,medium,0,0,0,0,0,0,0
20,3128,3128,SCAFE REFUSE LAGOON - MILLSTREAM,,,48.481556,-123.506694,bc_csr_centroid,medium,441,0,441,0,0,441,669
21,7383,7383 Burquitlam Plaza,BURQUITLAM PLAZA; 526 - 572 CLARKE ROAD,,,49.260500,-122.889194,bc_csr_centroid,medium,0,0,0,0,0,0,0
22,9734,9734,"HEXION SPECIALTY CHEMICALS, VANCOUVER",,,49.204500,-123.143500,bc_csr_centroid,medium,10,0,10,0,0,10,0
23,0804,0804,ESSO SERVICE STATION AND 7-11 GAS BAR,,,49.233833,-123.115611,bc_csr_centroid,medium,1,0,1,0,0,1,1
24,20692,20692,"1387 DEWDNEY AVE. 1080 SPOKANE ST, TRAIL",,,49.095833,-117.706278,bc_csr_centroid,medium,88,0,88,0,0,88,491
25,22051,22051,"1520, 1524, 1530 AND 1558 W. 6TH AVE VAN",,,49.266000,-123.139556,bc_csr_centroid,medium,0,0,0,0,0,0,0
26,11762,11762,"NORDEL CENTRE 11146 - 84TH AVENUE, DELTA",,,49.155583,-122.913653,bc_csr_centroid,medium,0,0,0,0,0,0,0
27,3773,3773,WILLS OIL CO LTD.,,,49.283358,-123.092578,bc_csr_centroid,medium,39,0,39,0,0,39,0
28,16829,16829,ROADWAY ADJACENT TO 8099 NORDEL WAY,,,49.145400,-122.942881,bc_csr_centroid,medium,87,0,87,0,0,87,0
29,7839,7839,50 ELECTRONIC AVE & 3115 MURRAY ST,,,49.278467,-122.840558,bc_csr_centroid,medium,174,0,174,0,0,174,514
30,14040,14040,"201 2ND AVENUE WEST, PRINCE RUPERT",,,54.314528,-130.323194,bc_csr_centroid,medium,0,0,0,0,0,0,0
31,10823,10823,"8051 AND 8100 RIVER ROAD, RICHMOND",,,49.189333,-123.135139,bc_csr_centroid,medium,34,0,34,0,0,34,0
32,6703,6703,"3032 GLADYS AVENUE, ABBOTSFORD",,,49.057250,-122.284972,bc_csr_centroid,medium,132,0,132,0,0,132,0
33,10186,10186,"3051 ALLENBY ROAD, DUNCAN",,,48.768794,-123.706528,bc_csr_centroid,medium,39,0,39,0,0,39,0
34,11142,11142,TOWN AND COUNTRY (MOT PROPERTY),,,48.453594,-123.375708,bc_csr_centroid,medium,0,0,0,0,0,0,0
35,13191,13191 goldstream spill,GOLDSTREAM PARK FUEL SPILL,,,48.475072,-123.549825,bc_csr_centroid,medium,0,0,0,0,0,0,0
36,15206,15206,"9410, 9450 & 9464 RIVER ROAD, DELTA",,,49.152281,-122.962167,bc_csr_centroid,medium,0,0,0,0,0,0,0
37,16089,16089,SMITH AVENUE ADJACENT 534 SMITH AVENUE,,,49.260333,-122.889889,bc_csr_centroid,medium,0,0,0,0,0,0,0
38,19783,19783,"522 SMITH AVENUE, COQUITLAM",,,49.259944,-122.890500,bc_csr_centroid,medium,0,0,0,0,0,0,0
39,21293,21293,"19511 92 AVENUE, SURREY",,,49.170972,-122.681389,bc_csr_centroid,medium,0,0,0,0,0,0,0
40,21560,21560,"201 DUNCAN STREET, NEW WESTMINSTER",,,49.195833,-122.933333,bc_csr_centroid,medium,18,0,18,0,0,18,16
41,22599,22599,RIVERSIDE DRIVE AND DOLLARTON HIGHWAY,,,49.305278,-123.019306,bc_csr_centroid,medium,6,0,6,0,0,6,4
42,22665,22665,"166-172 RIVERSIDE DRIVE, NORTH VANCOUVER",,,49.304944,-123.019278,bc_csr_centroid,medium,6,0,6,0,0,6,4
43,24054,24054,"610,618,624HERALD ST&611,629,635 CHATHAM",,,48.430589,-123.366164,bc_csr_centroid,medium,1,0,1,0,0,1,0
44,25553,25553,"LOT 9, PRINCE RUPERT",,,54.318611,-130.316111,bc_csr_centroid,medium,1,0,1,0,0,1,0
45,5805,5805,SHELL - 194 RIVERSIDE DRIVE,,,49.305167,-123.019306,bc_csr_centroid,medium,6,0,6,0,0,6,4
46,9539,9539,CANADIAN AUTOPARTS TOYOTA INC.,,,49.135056,-123.022556,bc_csr_centroid,medium,0,0,0,0,0,0,0
47,9823,9823,9345 AND 9365 RIVER ROAD,,,49.152081,-122.961825,bc_csr_centroid,medium,1,0,1,0,0,1,0
48,5184,5184,"5120 CORDOVA BAY ROAD, VICTORIA",,,48.522583,-123.368056,bc_csr_centroid,medium,0,0,0,0,0,0,0
49,6137,6137 brilliant,CP RAIL - BRILLIANT SIDING,,,49.318611,-117.634444,bc_csr_centroid,medium,77,0,77,0,0,77,151
50,2404,2404,ECOWASTE INDUSTRIES,,,49.154653,-123.048194,bc_csr_centroid,medium,1,0,1,0,0,1,8
51,16210,16210,GREENWOOD ST ADJ 7000-7090 LOUGHEED HWY,,,49.256278,-122.960650,bc_csr_centroid,medium,0,0,0,0,0,0,0
52,18802,18802,"208 CONWAY STREET, STEWART",,,55.933700,-129.988197,bc_csr_centroid,medium,0,0,0,0,0,0,0
53,19486,19486,"6932 AND 6934 GREENWOOD STREET, BURNABY",,,49.255833,-122.960639,bc_csr_centroid,medium,0,0,0,0,0,0,0
54,19487,19487,"6952 GREENWOOD STREET, BURNABY",,,49.255722,-122.960222,bc_csr_centroid,medium,0,0,0,0,0,0,0
55,24292,24292,"7045 GREENWOOD STREET, BURNABY",,,49.256389,-122.957500,bc_csr_centroid,medium,0,0,0,0,0,0,0
56,26217,26217,"7071 GREENWOOD STREET, BURNABY BC",,,49.256389,-122.957222,bc_csr_centroid,medium,0,0,0,0,0,0,0
58,13099,13099,"603 CLARKE ROAD, COQUITLAM",,,49.263467,-122.888044,bc_csr_centroid,medium,0,0,0,0,0,0,0
59,11250,11250,"2124 AND 2126 NORTHFIELD ROAD, NANAIMO",,,49.192417,-123.990278,bc_csr_centroid,medium,13,0,13,0,0,13,5
60,18911,18911,"2925 DOUGLAS STREET, VICTORIA",,,48.442306,-123.368694,bc_csr_centroid,medium,21,0,21,0,0,21,0
61,10026,10026,"1943 HASTINGS STREET, VANCOUVER",,,49.281472,-123.064306,bc_csr_centroid,medium,0,0,0,0,0,0,0
62,1244,1244,LOT1 DL541 GROUP1 DP EPP133179,,,49.279528,-123.111889,bc_csr_centroid,medium,0,0,0,0,0,0,0
63,0412,0412,ESCO FOUNDRY SANDS (LANDFILL SITE),,,49.256528,-122.767222,bc_csr_centroid,medium,0,0,0,0,0,0,0
64,12981,12981,"31509 KING ROAD, ABBOTSFORD",,,49.032092,-122.351403,bc_csr_centroid,medium,35,0,35,0,0,35,0
65,24466,24466,10064-10142 RIVER RD DELTA,,,49.154583,-122.942583,bc_csr_centroid,medium,0,0,0,0,0,0,0
66,4422,4422,FORMER DOMINION STEEL,,,49.141806,-122.998278,bc_csr_centroid,medium,0,0,0,0,0,0,0
67,25525,25525,"88 MILLSIDE ST, COQUITLAM",,,49.229056,-122.857778,bc_csr_centroid,medium,0,0,0,0,0,0,0
68,29430,29430,W KENT AVE N BTWN ASH ST AND ONTARIO ST,,,49.206583,-123.112528,bc_csr_centroid,medium,0,0,0,0,0,0,0
69,3824,3824,POLSON PLACE MALL - VERNON CREEK,,,50.256494,-119.265950,bc_csr_centroid,medium,0,0,0,0,0,0,0
70,25794,25794,FALCON WAY AND 46TH STREET,,,49.047389,-123.098083,bc_csr_centroid,medium,0,0,0,0,0,0,0
71,28549,28549,19520 TELEGRAPH TRAIL,,,49.180028,-122.681528,bc_csr_centroid,medium,0,0,0,0,0,0,0
72,22500,22500,"330 ENTERPRISE AVENUE, KITIMAT",,,54.058517,-128.688244,bc_csr_centroid,medium,7,0,7,0,0,7,0
73,20751,20751,7646 NELSON STREET & 31215 SILVERDALE AV,,,49.140803,-122.359192,bc_csr_centroid,medium,35,0,35,0,0,35,0
74,8323,8323,INVERMERE HIGHWAY YARD,,,50.516444,-116.032417,bc_csr_centroid,medium,1,0,1,0,0,1,1
75,11964,11964,"1142 - 304TH STREET, KIMBERLEY",,,49.635361,-115.945306,bc_csr_centroid,medium,0,0,0,0,0,0,0
76,21911,21911,"38006 & 38014 CLEVELAND AVENUE, SQUAMISH",,,49.698444,-123.153083,bc_csr_centroid,medium,1,0,1,0,0,1,1
77,12798,12798,FORMER CLOVERDALE MALL,,,49.107444,-122.736583,bc_csr_centroid,medium,0,0,0,0,0,0,0
78,23960,23960,"5041 BYRNE ROAD, BURNABY",,,49.197328,-122.991764,bc_csr_centroid,medium,0,0,0,0,0,0,0
79,1546,1546,GENERAL PAINT - 950 RAYMUR AVENUE,,,49.276308,-123.082028,bc_csr_centroid,medium,34,0,34,0,0,34,0
80,2499,2499,CONSUMERS GLASS 9622 HILL DRIVE,,,50.229619,-119.089108,bc_csr_centroid,medium,1,0,1,0,0,1,1
81,12695,12695,"1580/1590 FITZGERALD AVENUE, COURTENAY",,,49.683750,-124.993556,bc_csr_centroid,medium,0,0,0,0,0,0,0
82,20688,20688,SALMON RIVER DIVERSION DAM,,,50.093600,-125.671500,bc_csr_centroid,medium,1,0,1,0,0,1,0
83,6254,6254,FORMER GOLD RIVER PULP MILL,,,49.682306,-126.124639,bc_csr_centroid,medium,13,0,13,0,0,13,0
84,14594,14594 Riverside Heights,14815 - 108TH AVENUE (MALL PROPERTY),,,49.199444,-122.810556,bc_csr_centroid,medium,53,0,53,0,0,53,0
85,12603,12603 Translink False Creek,FORMER TRANSIT FACILITY - 1551 QUEBEC ST,,,49.270972,-123.102583,bc_csr_centroid,medium,12,0,12,0,0,12,9
86,19699,19699,"12320 TRITES ROAD, RICHMOND",,,49.123833,-123.163139,bc_csr_centroid,medium,30,0,30,0,0,30,0
87,1589,1589,SHELL SEWARD SERVICE STN & BULK PLANT,,,49.401694,-123.505764,bc_csr_centroid,medium,0,0,0,0,0,0,0
88,13381,13381,"675 MARINE DRIVE, WEST VANCOUVER",,,49.327431,-123.134247,bc_csr_centroid,medium,15,0,15,0,0,15,0
89,16790,"16790 Sunro mine, Jordan River",SUNRO COPPER MINE,,,48.448333,-124.033056,bc_csr_centroid,medium,34,0,34,0,0,34,168
90,22866,22866,"2524 POWERHOUSE ROAD, COURTENAY",,,49.687583,-125.035361,bc_csr_centroid,medium,22,0,22,0,0,22,0
91,5062,5062,INTERFOR SQUAMISH LUMBER DIVISION,,,49.696536,-123.149950,bc_csr_centroid,medium,116,0,116,0,0,116,34
92,16754,16754,"1047 TRANS CANADA HIGHWAY, CACHE CREEK",,,50.807200,-121.324511,bc_csr_centroid,medium,0,0,0,0,0,0,0
93,20655,20655,LOGAN LAKE EAST PIT,,,50.496733,-120.790919,bc_csr_centroid,medium,4,0,4,0,0,4,0
94,19439,19439,"18946 98TH AVENUE, SURREY",,,49.179278,-122.698500,bc_csr_centroid,medium,34,0,34,0,0,34,17
95,2203,2203 Meadow Avenue,KOPPERS - 8335 MEADOW AVENUE,,,49.190089,-122.963539,bc_csr_centroid,medium,0,0,0,0,0,0,0
96,9835,9835,FLINT AUTOMOTIVE,,,48.647833,-123.395667,bc_csr_centroid,medium,0,0,0,0,0,0,0
97,23289,23289 Union Bay - Crown Portion,"WASTE COAL PILE AND AREA, UNION BAY",,,49.592500,-124.883972,bc_csr_centroid,medium,0,0,0,0,0,0,0
98,22393,22393,"OLD DOLLARTON HWY, NORTH VANCOUVER",,,49.308611,-123.007750,bc_csr_centroid,medium,0,0,0,0,0,0,0
99,5819,5819 Sullivan Mine,TECK COMINCO KIMBERLEY OPERATIONS,,,49.666458,-115.964469,bc_csr_centroid,medium,90,0,90,0,0,90,160
100,16407,16407,"6005 HIGHWAY 17A, DELTA",,,49.109611,-123.056222,bc_csr_centroid,medium,13,0,13,0,0,13,0
101,25928,25928,BTWN MILE 1.7 TO MILE 9.5 W.SIDE MARA LK,,,50.775386,-119.034706,bc_csr_centroid,medium,15,0,15,0,0,15,13
102,0148,0148,SUPER SAVE GAS STATION,,,49.270250,-123.043750,bc_csr_centroid,medium,76,0,76,0,0,76,0
103,1154,1154,BAINBRIDGE BUSINESS PARK,,,49.257378,-122.957492,bc_csr_centroid,medium,0,0,0,0,0,0,0
104,4006,4006,MOUNT PAUL ESSO,,,50.674747,-120.292189,bc_csr_centroid,medium,33,0,33,0,0,33,0
105,1060,1060,CHEVRON SERVICE STATION #37,,,49.268611,-123.167917,bc_csr_centroid,medium,0,0,0,0,0,0,0
106,27589,27589,"PART OF 35 ST, 45 & 48 AVE - VERNON",,,50.280306,-119.274556,bc_csr_centroid,medium,21,0,21,0,0,21,0
107,9165,9165,SKEENA CELLULOSE,,,54.514250,-128.603500,bc_csr_centroid,medium,23,0,23,0,0,23,0
108,2309,2309,"2959 DOUGLAS STREET, CANADIAN TIRE #365",,,48.443194,-123.368292,bc_csr_centroid,medium,0,0,0,0,0,0,0
109,19721,19721,"3865 HWY 97 AND 2170 RUTLAND RD, KELOWNA",,,49.917556,-119.387111,bc_csr_centroid,medium,71,0,71,0,0,71,0
110,21301,21301,"4413 MAIN STREET, VANCOUVER",,,49.245667,-123.101444,bc_csr_centroid,medium,0,0,0,0,0,0,0
111,12303,12303,"606 VICTORIA ROAD EAST, REVELSTOKE",,,50.992361,-118.193333,bc_csr_centroid,medium,0,0,0,0,0,0,0
112,24124,24124,5763-5791 OAK STREET & 1008 W 41ST AVENU,,,49.233333,-123.128528,bc_csr_centroid,medium,0,0,0,0,0,0,0
113,1011,1011,ESSO SERVICE STATION - WEST VANCOUVER,,,49.327444,-123.153389,bc_csr_centroid,medium,0,0,0,0,0,0,0
114,18194,18194,647 SCHOOL ROAD,,,49.401569,-123.505494,bc_csr_centroid,medium,0,0,0,0,0,0,0
115,18199,18199,PORTION OF THE SEA WALK SW OF SCHOOL RD,,,49.401131,-123.505761,bc_csr_centroid,medium,0,0,0,0,0,0,0
116,7080,7080,IMPERIAL OIL - 8242 OAK STREET VANCOUVER,,,49.210972,-123.129722,bc_csr_centroid,medium,0,0,0,0,0,0,0
117,8413,8413,INTERNATIONAL FOREST PRODUCTS LTD,,,49.227917,-122.860667,bc_csr_centroid,medium,0,0,0,0,0,0,0
118,1561,1561,THOMPSON RIVERS UNIVERSITY,,,50.673217,-120.367919,bc_csr_centroid,medium,0,0,0,0,0,0,0
119,18383,18383,"1155-1185 VICTORIA DRIVE, VANCOUVER",,,49.274361,-123.065853,bc_csr_centroid,medium,0,0,0,0,0,0,0
120,29991,29991,"6808 216 STREET, LANGLEY",,,49.126136,-122.623958,bc_csr_centroid,medium,0,0,0,0,0,0,0
121,1012,1012,FORMER SHELL STATION-SQUAMISH,,,49.700028,-123.151667,bc_csr_centroid,medium,10,0,10,0,0,10,0
122,19866,19866,"757 & 773 KINGSWAY AVENUE, PORT COQUITLA",,,49.248500,-122.736167,bc_csr_centroid,medium,0,0,0,0,0,0,0
123,12034,12034,"221 & 275 WEST 5TH AVENUE, VANCOUVER",,,49.266833,-123.110028,bc_csr_centroid,medium,35,0,35,0,0,35,0
124,15896,15896,"2015 COLUMBIA STREET, VANCOUVER",,,49.267222,-123.110167,bc_csr_centroid,medium,35,0,35,0,0,35,0
125,15899,15899,205 W 5TH AVENUE & 2045 COLUMBIA STREET,,,49.266833,-123.109739,bc_csr_centroid,medium,0,0,0,0,0,0,0
126,17065,17065,"22 AND 36 EAST 5TH AVENUE, VANCOUVER",,,49.266278,-123.104139,bc_csr_centroid,medium,0,0,0,0,0,0,0
127,21988,21988,"6560, 6600, 6640, 6700 NO. 3 RD., RICHMO",,,49.165500,-123.135944,bc_csr_centroid,medium,19,0,19,0,0,19,0
128,1956,1956,SHELL STATION - 100TH STREET,,,56.256056,-120.846361,bc_csr_centroid,medium,0,0,0,0,0,0,0
129,13932,13932,"4600 KINGSWAY, BURNABY",,,49.228722,-123.002861,bc_csr_centroid,medium,0,0,0,0,0,0,0
130,0584,0584,LAKELAND MILLS,,,53.923056,-122.737611,bc_csr_centroid,medium,0,0,0,0,0,0,0
131,14000,14000,"SUNBURY INTERCHANGE, DELTA",,,49.149139,-122.954497,bc_csr_centroid,medium,7,0,7,0,0,7,6
132,1638,1638,FORMER CHEVRON KEYLOCK - LORNE STREET,,,50.677108,-120.321656,bc_csr_centroid,medium,264,0,264,0,0,264,209
133,19656,19656,"4066 OLD SLOPE PLACE, NANAIMO",,,49.205278,-124.030000,bc_csr_centroid,medium,517,0,517,0,0,517,1474
134,21801,21801,"4820 WALLACE ST., PORT ALBERNI",,,49.250111,-124.805750,bc_csr_centroid,medium,66,0,66,0,0,66,42
135,24332,24332,"1563 RIVER ROAD, PRINCE GEORGE",,,53.923333,-122.744167,bc_csr_centroid,medium,0,0,0,0,0,0,0
136,26036,26036,"3205 SUGARLOAF ROAD & 2950 BOWERS PLACE,",,,50.663625,-120.445486,bc_csr_centroid,medium,1,0,1,0,0,1,0
137,27536,27536,"854 & 880 PANDORA AVENUE, VICTORIA",,,48.427750,-123.359639,bc_csr_centroid,medium,0,0,0,0,0,0,0
138,17652,17652,"1069 SOUTH TRANS CANADA HWY, CACHE CREEK",,,50.807628,-121.324453,bc_csr_centroid,medium,0,0,0,0,0,0,0
139,0091,0091,45696 YALE ROAD WEST,,,49.157306,-121.957444,bc_csr_centroid,medium,1,0,1,0,0,1,0
140,7544,7544 - Jaffray highways yard,JAFFRAY HIGHWAYS MAINTENANCE YARD,,,49.377472,-115.281028,bc_csr_centroid,medium,7,0,7,0,0,7,0
141,3711,3711,"1885 HIGH ROAD, CHEVRON STATION #411",,,49.900778,-119.454583,bc_csr_centroid,medium,12,0,12,0,0,12,1
142,21696,21696,"534 SIXTH STREET, NEW WESTMINSTER",,,49.212411,-122.919800,bc_csr_centroid,medium,17,0,17,0,0,17,0
143,21981,21981,"1086 TRANSCANADA HIGHWAY, CACHE CREEK",,,50.808278,-121.325694,bc_csr_centroid,medium,91,0,91,0,0,91,86
144,22849,22849,"1783 EAST 22ND AVENUE, VANCOUVER",,,49.250472,-123.068472,bc_csr_centroid,medium,26,0,26,0,0,26,0
145,5232,5232,333 NORTH ROAD,,,49.244194,-122.891250,bc_csr_centroid,medium,1,0,1,0,0,1,0
146,15205,15205,"2095 WEST 46TH AVENUE, VANCOUVER",,,49.230056,-123.154833,bc_csr_centroid,medium,1,0,1,0,0,1,1
147,23301,23301,"201 DOGWOOD DRIVE, LADYSMITH",,,48.989333,-123.812667,bc_csr_centroid,medium,94,0,94,0,0,94,0
148,21844,21844,"686 E 22 AVE, 679 E 23 AVE, 3811 FRASER",,,49.250556,-123.090556,bc_csr_centroid,medium,1,0,1,0,0,1,1
149,21143,21143,"30 PIPER ROAD, FORT NELSON AIRPORT",,,58.840036,-122.579256,bc_csr_centroid,medium,1,0,1,0,0,1,14
150,23302,23302,FWD RD NEAR INTERSECTION WITH DOGWOOD DR,,,48.989333,-123.812278,bc_csr_centroid,medium,94,0,94,0,0,94,0
151,23367,23367,"3035 AIRPORT ROAD, KAMLOOPS",,,50.710278,-120.443889,bc_csr_centroid,medium,11,0,11,0,0,11,4
152,25414,25414,CITY LANDS ADJ TO 12850 112B AVE,,,49.207361,-122.866000,bc_csr_centroid,medium,253,0,253,0,0,253,0
153,15171,15171,METES AND BOUNDS CPR R/W AFPG3/531/3196A,,,49.029500,-118.460472,bc_csr_centroid,medium,1,0,1,0,0,1,0
154,2701,2701,"12716, 12742, 12750 KING GEORGE BLVD",,,49.205389,-122.869583,bc_csr_centroid,medium,0,0,0,0,0,0,0
155,19688,19688,"2346 WEST 4TH AVENUE, VANCOUVER",,,49.267972,-123.158722,bc_csr_centroid,medium,0,0,0,0,0,0,0
156,21332,21332,"8051 RIVER RD, RICHMOND",,,49.189417,-123.135694,bc_csr_centroid,medium,34,0,34,0,0,34,0
157,7493,7493,ANAHIM LAKE POWER GENERATING STATION,,,52.460167,-125.309917,bc_csr_centroid,medium,1,0,1,0,0,1,3
158,27719,27719,8818 GREENALL AVENUE,,,49.203889,-123.016944,bc_csr_centroid,medium,0,0,0,0,0,0,0
159,15946,15946,"ADJACENT 50 ELECTRONIC AVE., PORT MOODY",,,49.279194,-122.839139,bc_csr_centroid,medium,5,0,5,0,0,5,0
160,16088,16088,"534 SMITH AVENUE, COQUITLAM",,,49.259861,-122.889389,bc_csr_centroid,medium,0,0,0,0,0,0,0
161,18023,18023,"2111 KITCHENER STREET, VANCOUVER",,,49.272053,-123.061686,bc_csr_centroid,medium,34,0,34,0,0,34,0
162,19661,19661,"660 QUAYSIDE DRIVE, NEW WESTMINSTER",,,49.201472,-122.908333,bc_csr_centroid,medium,1,0,1,0,0,1,1
163,20201,20201,"1371 COLUMBIA AVENUE, TRAIL",,,49.099650,-117.704969,bc_csr_centroid,medium,34,0,34,0,0,34,0
164,2079,2079,"132 NORTHWEST BOULEVARD, CRESTON",,,49.096417,-116.514917,bc_csr_centroid,medium,163,0,163,0,0,163,1
165,21108,21108,2806 SPRING STREET,,,49.277528,-122.849556,bc_csr_centroid,medium,0,0,0,0,0,0,0
166,21201,21201,CAPSTAN WAY,,,49.189100,-123.135189,bc_csr_centroid,medium,34,0,34,0,0,34,0
167,26822,26822,"PORTION OF HWY 35, BURNS LAKE",,,54.223389,-125.763278,bc_csr_centroid,medium,8,0,8,0,0,8,0
168,27518,27518,3711 ELLIOTT ROAD,,,49.829111,-119.630639,bc_csr_centroid,medium,10,0,10,0,0,10,0
169,27519,27519,PORTION OF 2489 MAIN STREET,,,49.829222,-119.630167,bc_csr_centroid,medium,10,0,10,0,0,10,0
170,27521,27521,PORTION OF 2483 MAIN STREET,,,49.829250,-119.629694,bc_csr_centroid,medium,10,0,10,0,0,10,0
171,5084,5084,CN RAILYARD FORESHORE CONTAMINATION,,,54.310894,-130.336653,bc_csr_centroid,medium,62,0,62,0,0,62,0
172,24097,24097,"10801 TIMBERLAND ROAD, SURREY",,,49.200944,-122.895361,bc_csr_centroid,medium,27,0,27,0,0,27,0
173,29185,29185,"13200 VULCAN WAY, RICHMOND",,,49.195194,-123.079722,bc_csr_centroid,medium,53,0,53,0,0,53,0
174,14229,14229,"5235 KINGSWAY, BURNABY",,,49.225500,-122.988111,bc_csr_centroid,medium,35,0,35,0,0,35,2
175,22452,22452,HWY 99 AT 2010 LONDON LANE,,,50.096667,-122.990167,bc_csr_centroid,medium,10,0,10,0,0,10,0
176,26078,26078,"MEMORIAL AVENUE AND HWY 19A, QUALICUM BH",,,49.356111,-124.440000,bc_csr_centroid,medium,49,0,49,0,0,49,41
177,3997,3997,PETRO-CANADA - 8850 SCHOOL STREET,,,49.163194,-121.960083,bc_csr_centroid,medium,42,0,42,0,0,42,0
178,4932,4932,"996 AND 998 GORGE ROAD WEST, VICTORIA",,,48.453500,-123.419972,bc_csr_centroid,medium,0,0,0,0,0,0,0
179,29266,29266,"10663-10755 SCOTT RD, 10790 FIR RD",,,49.197222,-122.886722,bc_csr_centroid,medium,1,0,1,0,0,1,0
180,24475,24475,44394 PROGRESS WAY,,,49.153139,-121.995556,bc_csr_centroid,medium,0,0,0,0,0,0,0
181,19662,19662,"848 YATES STREET, VICTORIA",,,48.426278,-123.360083,bc_csr_centroid,medium,0,0,0,0,0,0,0
182,22645,22645,"3101, 3103, 3107 45TH AVENUE, VERNON",,,50.279556,-119.273278,bc_csr_centroid,medium,43,0,43,0,0,43,0
183,9095,9095,"3497 METCHOSIN ROAD, (PHASE 2, RBCD 4), ",,,48.404731,-123.488442,bc_csr_centroid,medium,44,0,44,0,0,44,0
184,19049,19049,"6555 HASTINGS STREET, BURNABY",,,49.281111,-122.967222,bc_csr_centroid,medium,0,0,0,0,0,0,0
185,26874,26874,"403 455 E. KENT AVE, 8385 ST. GEORGE ST.",,,49.208833,-123.096222,bc_csr_centroid,medium,10,0,10,0,0,10,0
186,28496,28496,2096 WEST BROADWAY AND 2560 ARBUTUS STRE,,,49.263519,-123.152694,bc_csr_centroid,medium,0,0,0,0,0,0,0
187,15757,15757,"1623 MCKENZIE ROAD, SAANICH",,,48.468333,-123.331750,bc_csr_centroid,medium,0,0,0,0,0,0,0
188,17086,17086,"CITY LAND AT 188 E 49TH, VANCOUVER",,,49.225417,-123.101972,bc_csr_centroid,medium,0,0,0,0,0,0,0
189,6097,6097,13327 - 76TH AVENUE SURREY,,,49.141667,-122.852833,bc_csr_centroid,medium,0,0,0,0,0,0,0
190,10864,10864,"1301 HILLSIDE AVENUE, VICTORIA",,,48.440278,-123.351389,bc_csr_centroid,medium,0,0,0,0,0,0,0
191,28588,28588,1885 GOVERNMENT STREET LOT A,,,48.430556,-123.366667,bc_csr_centroid,medium,0,0,0,0,0,0,0
192,29242,29242,"60 WILLIAMS STREET, PORT MOODY",,,49.277694,-122.845056,bc_csr_centroid,medium,0,0,0,0,0,0,0
193,1359,1359,ESSO SERVICE STATION - KINGSWAY & SMITH,,,49.232839,-123.020319,bc_csr_centroid,medium,0,0,0,0,0,0,0
194,1004,1004,"1467 56TH STREET, TSAWWASSEN",,,49.029500,-123.069161,bc_csr_centroid,medium,0,0,0,0,0,0,0
195,2536,2536,"FORMER PETRO CANADA BULK PLANT, #69675",,,49.492731,-119.602814,bc_csr_centroid,medium,0,0,0,0,0,0,0
196,4676,4676,"45585/45495 LUCKAKUCK WAY, CHILLIWACK",,,49.142222,-121.965833,bc_csr_centroid,medium,0,0,0,0,0,0,0
197,25944,25944,"19030, 19066 20TH AVE",,,49.036944,-122.695833,bc_csr_centroid,medium,1,0,1,0,0,1,0
198,6593,6593,SHELL BULK PLANT,,,50.675639,-120.319583,bc_csr_centroid,medium,0,0,0,0,0,0,0
199,28414,28414,PORTION OF 10170 MAIN STREET,,,49.153667,-122.941833,bc_csr_centroid,medium,0,0,0,0,0,0,0
200,24177,24177,5337 TYSON RD,,,49.098583,-121.978667,bc_csr_centroid,medium,0,0,0,0,0,0,0
201,15438,15438,ALEXANDER AVE ADJACENT TO 8890 SCHOOL ST,,,49.163900,-121.959389,bc_csr_centroid,medium,0,0,0,0,0,0,0
202,29151,29151,"2610 ROSS ROAD, WEST KELOWNA",,,49.862222,-119.576722,bc_csr_centroid,medium,0,0,0,0,0,0,0
203,27720,27720,8823 GREENALL AVENUE,,,49.203611,-123.018333,bc_csr_centroid,medium,0,0,0,0,0,0,0
204,3387,3387,PARK & TILFORD SHOPPING CENTRE,,,49.308803,-123.042472,bc_csr_centroid,medium,7,0,7,0,0,7,0
205,28518,28518,"NORTH OF 690 LANSDOWNE STREET, KAMLOOPS",,,50.677428,-120.324175,bc_csr_centroid,medium,0,0,0,0,0,0,0
206,14678,14678,ROADWAY ADJACENT TO 10980 NO 3 ROAD,,,49.133778,-123.136583,bc_csr_centroid,medium,19,0,19,0,0,19,8
207,23547,23547,"5 WEST 4TH AVENUE, VANCOUVER",,,49.267778,-123.105556,bc_csr_centroid,medium,0,0,0,0,0,0,0
208,26035,26035,"2032 & 2060 EAST HASTINGS STREET, VANCOU",,,49.280917,-123.062389,bc_csr_centroid,medium,0,0,0,0,0,0,0
209,21156,21156,212 28TH AVENUE VANC,,,49.245528,-123.100839,bc_csr_centroid,medium,0,0,0,0,0,0,0
210,12675,12675,"104 - 150 EAST 1ST AVENUE, VANCOUVER",,,49.269881,-123.101917,bc_csr_centroid,medium,0,0,0,0,0,0,0
211,13851,13851,"1900 GRIFFITHS ROAD, NANAIMO",,,49.181806,-123.984306,bc_csr_centroid,medium,273,0,273,0,0,273,285
212,21366,21366,"1618, 1622 & 1624 STORE STREET, VICTORIA",,,48.428972,-123.369781,bc_csr_centroid,medium,51,0,51,0,0,51,0
213,13015,13015,9356 / 9376 RIVER ROAD,,,49.152375,-122.963536,bc_csr_centroid,medium,189,0,189,0,0,189,0
214,22047,22047,CITY LANDS AT 188  E 49 AVE,,,49.225556,-123.102083,bc_csr_centroid,medium,0,0,0,0,0,0,0
215,16692,16692,"1775 HOLDOM AVENUE, BURNABY",,,49.268267,-122.981419,bc_csr_centroid,medium,0,0,0,0,0,0,0
216,21539,21539,"1717 HARVEY AVENUE, KELOWNA",,,49.881489,-119.459794,bc_csr_centroid,medium,0,0,0,0,0,0,0
217,15718,15718,"1307 HILLSIDE AVENUE, VICTORIA",,,48.439675,-123.350161,bc_csr_centroid,medium,0,0,0,0,0,0,0
218,9979,9979,"180 EAST 2ND AVENUE, VANCOUVER BC",,,49.268667,-123.101222,bc_csr_centroid,medium,0,0,0,0,0,0,0
219,18170,18170,"2300 COLUMBIA STREET, PORT MOODY",,,49.283000,-122.862139,bc_csr_centroid,medium,0,0,0,0,0,0,0
220,0203,0203,FORMER SHELL BULK PLANT,,,49.163758,-121.959922,bc_csr_centroid,medium,0,0,0,0,0,0,0
221,21285,21285,"1310 MONASHEE DRIVE, NORTH VANCOUVER",,,49.319789,-123.017200,bc_csr_centroid,medium,0,0,0,0,0,0,0
222,11098,11098,"2597 VANCE ROAD, PRINCE GEORGE",,,53.880983,-122.771756,bc_csr_centroid,medium,0,0,0,0,0,0,0
223,1888,1888,FORMER LANGFORD CHEVRON STATION,,,48.433194,-123.524111,bc_csr_centroid,medium,71,0,71,0,0,71,285
224,23899,23899,"1168-1170 DERWENT WAY, DELTA",,,49.166250,-122.941056,bc_csr_centroid,medium,0,0,0,0,0,0,0
225,8227,8227,"291 HUTH AVENUE, PENTICTON HIGHWAYS YARD",,,49.482011,-119.596686,bc_csr_centroid,medium,0,0,0,0,0,0,0
226,14447,14447,"125-135 VICTORY SHIP WAY, NORTH VAN",,,49.309778,-123.078972,bc_csr_centroid,medium,23,0,23,0,0,23,0
227,1355,1355,BC RAIL SQUAMISH TERMINAL BUILDING,,,49.722500,-123.160556,bc_csr_centroid,medium,0,0,0,0,0,0,0
228,4236,4236,CRANE SITE,,,49.237639,-122.888978,bc_csr_centroid,medium,64,0,64,0,0,64,28
229,0361,0361,2605 - 2689 EAST 49TH AVENUE,,,49.225022,-123.054367,bc_csr_centroid,medium,0,0,0,0,0,0,0
230,17088,17088,"10-19-083-19 W6M, FORT ST JOHN",,,56.211872,-120.988997,bc_csr_centroid,medium,31,0,31,0,0,31,139
231,19464,19464,"11939 240TH STREET, MAPLE RIDGE",,,49.218944,-122.557917,bc_csr_centroid,medium,8,0,8,0,0,8,0
232,19143,19143,"4001- 4009 KNIGHT STREET, VANCOUVER",,,49.248778,-123.076556,bc_csr_centroid,medium,0,0,0,0,0,0,0
233,13800,13800,"31941 LOUGHEED HIGHWAY, MISSION",,,49.133944,-122.340417,bc_csr_centroid,medium,1,0,1,0,0,1,0
234,0307,0307,DOMTAR ROOFING SHINGLE PLANT,,,49.185375,-122.969592,bc_csr_centroid,medium,1,0,1,0,0,1,0
235,18035,18035,"502 VICTORIA DRIVE, VANCOUVER",,,49.279972,-123.065361,bc_csr_centroid,medium,0,0,0,0,0,0,0
236,17653,17653,"1085 SOUTH TRANS CANADA HWY, CACHE CREEK",,,50.808111,-121.523975,bc_csr_centroid,medium,0,0,0,0,0,0,0
237,20796,20796,"108TH AVENUE EAST OF 148TH STREET,SURREY",,,49.198803,-122.811958,bc_csr_centroid,medium,29,0,29,0,0,29,0
238,13007,13007,"23320 RIVER ROAD, MAPLE RIDGE",,,49.194108,-122.578281,bc_csr_centroid,medium,0,0,0,0,0,0,0
239,16222,16222,ROADWAYS ADJACENT 4472 EAST HASTINGS ST,,,49.281019,-123.003103,bc_csr_centroid,medium,0,0,0,0,0,0,0
240,19241,19241,"9667 FIRST STREET, SIDNEY",,,48.646167,-123.394889,bc_csr_centroid,medium,0,0,0,0,0,0,0
241,3491,3491,ESSO SS (WILLINGDON AND HASTINGS),,,49.280833,-123.003556,bc_csr_centroid,medium,0,0,0,0,0,0,0
242,8467,8467,"3000 HARBOUR ROAD, PORT ALBERNI",,,49.233333,-124.813889,bc_csr_centroid,medium,6,0,6,0,0,6,19
243,27038,27038,1823 BEAUFORT AVENUE,,,49.672500,-124.928056,bc_csr_centroid,medium,0,0,0,0,0,0,0
244,7326,7326,SHELL CARDLOCK,,,54.514028,-128.597917,bc_csr_centroid,medium,37,0,37,0,0,37,0
245,18037,18037,YELLOWHEAD HWY AND SANDE ST OVERPASS,,,54.513861,-128.596583,bc_csr_centroid,medium,0,0,0,0,0,0,0
246,11701,11701 Parkwood Industrial Site Development,"5224 - 88TH STREET, DELTA",,,49.101028,-122.974028,bc_csr_centroid,medium,10,0,10,0,0,10,0
247,1316,1316,BUDGET RENT-A-CAR,,,49.189881,-123.132769,bc_csr_centroid,medium,7,0,7,0,0,7,0
248,1409,1409,GEORGIA & BIDWELL CHEVRON STATION,,,49.291167,-123.132250,bc_csr_centroid,medium,0,0,0,0,0,0,0
249,16683,16683,"8100 NORDEL WAY, DELTA",,,49.146639,-122.939694,bc_csr_centroid,medium,0,0,0,0,0,0,0
250,16695,16695,"LOT 3, 1000 QUAYSIDE DR., NEW WESTMINSTE",,,49.199722,-122.913472,bc_csr_centroid,medium,0,0,0,0,0,0,0
251,18218,18218,"643 & 645 SCHOOL ROAD, GIBSONS",,,49.401425,-123.505428,bc_csr_centroid,medium,0,0,0,0,0,0,0
252,18903,18903,"4641 BYRNE ROAD, BURNABY",,,49.193881,-122.998475,bc_csr_centroid,medium,0,0,0,0,0,0,0
253,19778,19778,YELLOWHEAD HWY 16 KEITH AVENUE,,,54.513250,-128.591083,bc_csr_centroid,medium,0,0,0,0,0,0,0
254,19779,19779,SPARK STREET HALL STREET & ROW,,,54.512861,-128.591472,bc_csr_centroid,medium,0,0,0,0,0,0,0
255,19780,19780,"2906 SPARKS STREET, TERRACE",,,54.512333,-128.592194,bc_csr_centroid,medium,0,0,0,0,0,0,0
256,18198,18198,"MOLLY'S LANE, GOWER PT RD AND SCHOOL RD",,,49.401394,-123.506028,bc_csr_centroid,medium,0,0,0,0,0,0,0
257,19781,19781,"2908 SPARKS STREET, TERRACE",,,54.512528,-128.592528,bc_csr_centroid,medium,0,0,0,0,0,0,0
258,21212,21212,ROAD DEDICATION AT 3311 NO. 3 ROAD,,,49.190000,-123.132625,bc_csr_centroid,medium,7,0,7,0,0,7,0
259,4091,4091,NORM'S AUTO REFINISHING LIMITED,,,54.513611,-128.591167,bc_csr_centroid,medium,0,0,0,0,0,0,0
260,4105,4105,COAST TRACTOR - TERRACE,,,54.513611,-128.592806,bc_csr_centroid,medium,0,0,0,0,0,0,0
261,4234,4234,BC AUTOMOTIVE - TERRACE,,,54.512861,-128.592278,bc_csr_centroid,medium,0,0,0,0,0,0,0
262,15715,15715,NE CORNER OF MARINE DRIVE & TAYLOR WAY,,,49.327236,-123.134383,bc_csr_centroid,medium,0,0,0,0,0,0,0
263,18633,18633,"5795 DUNCAN STREET, DUNCAN",,,48.781553,-123.707106,bc_csr_centroid,medium,0,0,0,0,0,0,0
264,8426,8426,"5811 DUNCAN STREET, LAKE COWICHAN",,,48.781525,-123.707172,bc_csr_centroid,medium,0,0,0,0,0,0,0
265,21021,21021,"1579 KINGSWAY AVENUE, PORT COQU",,,49.251989,-122.756306,bc_csr_centroid,medium,0,0,0,0,0,0,0
266,22503,22503,HWY 99 ROW ADJACENT 9120 RIVER DRIVE,,,49.197944,-123.123667,bc_csr_centroid,medium,0,0,0,0,0,0,0
267,22128,22128,"7375 KINGSWAY, BURNABY, BC",,,49.217808,-122.950308,bc_csr_centroid,medium,0,0,0,0,0,0,0
268,13635,13635,"11TH AVE AND 18TH STREET, BURNABY",,,49.211583,-122.948556,bc_csr_centroid,medium,0,0,0,0,0,0,0
269,0369,0369,SCOTSDALE HUSKY SERVICE STATION,,,49.129972,-122.890778,bc_csr_centroid,medium,55,0,55,0,0,55,9
270,1765,1765,SHELL SERVICE STATION - CAMPBELL RIVER,,,50.028925,-125.245867,bc_csr_centroid,medium,0,0,0,0,0,0,0
271,18498,18498,8400 RIVER ROAD,,,49.147083,-122.987694,bc_csr_centroid,medium,0,0,0,0,0,0,0
272,18036,18036,"KEITH AVE (SOUTH OF SITE 7326), TERRACE",,,54.513278,-128.598444,bc_csr_centroid,medium,0,0,0,0,0,0,0
274,11766,11766,"3880 BAYVIEW STREET, RICHMOND",,,49.123778,-123.183083,bc_csr_centroid,medium,0,0,0,0,0,0,0
275,2943,2943,BCBC - HOUSTON HIGHWAYS YARD,,,54.395514,-126.645106,bc_csr_centroid,medium,12,0,12,0,0,12,0
276,0048,0048,SHELL CANADA - 7TH & VICTORIA,,,53.914472,-122.751417,bc_csr_centroid,medium,74,0,74,0,0,74,70
277,14764,14764,CN LANDS SOUTH OF 7927 HUSTON ROAD,,,49.145697,-123.010856,bc_csr_centroid,medium,4,0,4,0,0,4,0
278,14793,14793,60 M EAST OF 8TH AVENUE & LORNE STREET,,,50.678497,-120.319539,bc_csr_centroid,medium,264,0,264,0,0,264,209
279,15860,15860,"COMO LAKE AVE & CLARKE RD, COQUITLAM",,,49.262972,-122.888333,bc_csr_centroid,medium,0,0,0,0,0,0,0
280,1602,1602,SHELL STATION SICAMOUS,,,50.837028,-118.976078,bc_csr_centroid,medium,17,0,17,0,0,17,14
281,22880,22880,PORTION OF 94 FRANCOIS LAKE DRIVE,,,54.223778,-125.762750,bc_csr_centroid,medium,67,0,67,0,0,67,0
282,22932,22932,PORTION OF CLARK AVE N OF FIRST ST,,,54.014533,-124.017722,bc_csr_centroid,medium,3,0,3,0,0,3,0
283,22933,22933,"N FIRST ST, E CLARK AVE, W NECHAKO",,,54.014278,-124.016250,bc_csr_centroid,medium,3,0,3,0,0,3,0
284,22934,22934,FIRST ST BETWEEN CLARK AVE + NECHAKO AVE,,,54.014014,-124.016219,bc_csr_centroid,medium,3,0,3,0,0,3,0
285,23241,23241,"1450 HIGHWAY 99, SQUAMISH",,,49.697556,-123.144778,bc_csr_centroid,medium,0,0,0,0,0,0,0
286,23242,23242,"W OF HWY99,E OF LAURELWOOD,S OF MILL RD",,,49.697389,-123.145417,bc_csr_centroid,medium,0,0,0,0,0,0,0
287,25664,25664,PORTION OF 1467 7TH AVE,,,53.914361,-122.751083,bc_csr_centroid,medium,74,0,74,0,0,74,70
288,25665,25665,PORTION OF 7TH AVE,,,53.914639,-122.751250,bc_csr_centroid,medium,74,0,74,0,0,74,70
289,25667,25667,PORTION OF VICTORIA STREET,,,53.914611,-122.751667,bc_csr_centroid,medium,74,0,74,0,0,74,70
290,26350,26350,HIGHWAY 99 BETWEEN MILL RD AND CLARKE DR,,,49.698611,-123.143889,bc_csr_centroid,medium,0,0,0,0,0,0,0
291,26886,26886,"12945 ANVIL WAY, SURREY",,,49.145667,-122.863972,bc_csr_centroid,medium,15,0,15,0,0,15,6
292,26887,26887,"SRY ROW ADJ 12945 ANVIL WAY, SURREY",,,49.146389,-122.863861,bc_csr_centroid,medium,15,0,15,0,0,15,6
293,27114,27114,"BC HYDRO ROW ADJ 12945 ANVIL WAY, SURREY",,,49.146139,-122.863139,bc_csr_centroid,medium,15,0,15,0,0,15,6
294,15478,15478,CPR SPILL MILE 23.3 BOUNDARY SUBDIVISION,,,49.317917,-117.631111,bc_csr_centroid,medium,756,0,756,0,0,756,867
295,4226,4226 Canex,SALMO LANDFILL,,,49.136558,-117.245403,bc_csr_centroid,medium,45,0,45,0,0,45,0
296,28500,28500,"HWY ADJACENT TO 2237 176 STREET, SURREY",,,49.042789,-122.735394,bc_csr_centroid,medium,0,0,0,0,0,0,0
297,16618,16618,"1500 HAULTAIN STREET, VICTORIA",,,48.436250,-123.339444,bc_csr_centroid,medium,0,0,0,0,0,0,0
298,5397,5397,PETRO-CANADA - 14811 - 108TH AVENUE,,,49.199000,-122.812028,bc_csr_centroid,medium,29,0,29,0,0,29,0
299,23291,23291,CPR ROW ADJ TO 876 VICTORIA ST,,,50.675544,-120.318378,bc_csr_centroid,medium,20,0,20,0,0,20,0
300,5384,5384,ECONOMY CARRIERS SPILL SITE,,,49.123639,-117.251722,bc_csr_centroid,medium,45,0,45,0,0,45,0
301,22003,22003,"32988 1ST AVE, MISSION",,,49.134044,-122.310058,bc_csr_centroid,medium,0,0,0,0,0,0,0
302,17205,17205,"555 ROBSON STREET, VANCOUVER",,,49.280750,-123.118278,bc_csr_centroid,medium,2,0,2,0,0,2,0
303,3185,3185,SHELL STATION (SHELBOURNE & MCKENZIE),,,48.468317,-123.332306,bc_csr_centroid,medium,0,0,0,0,0,0,0
304,23623,23623,PORTION OF HWY 16 ROADWAY ADJ SITE 3026,,,54.229011,-125.762886,bc_csr_centroid,medium,9,0,9,0,0,9,0
305,24247,24247,ZONE C TSAWWASSEN DRIVE AND FALCON WAY,,,49.046639,-123.103083,bc_csr_centroid,medium,0,0,0,0,0,0,0
306,25409,25409,CITY LAND AT 1601 QUEBEC ST.,,,49.271639,-123.102306,bc_csr_centroid,medium,7,0,7,0,0,7,0
307,17809,17809,"2420-2432 BEACON AVE, 9810/9812 4TH ST",,,48.649167,-123.399575,bc_csr_centroid,medium,0,0,0,0,0,0,0
308,25295,25295,GILGAN DRIVE AT 382 GOVERNMENT ST,,,54.228972,-125.763583,bc_csr_centroid,medium,9,0,9,0,0,9,0
309,19585,19585,"2696 SOOKE ROAD, LANGFORD",,,48.433181,-123.524533,bc_csr_centroid,medium,71,0,71,0,0,71,285
310,5891,5891,12851 NO 5 ROAD RICHMOND (SAFETY-KLEEN),,,49.121083,-123.092611,bc_csr_centroid,medium,0,0,0,0,0,0,0
311,25424,25424,1510 QUEBEC STREET AND 1405 MAIN STREET,,,49.272556,-123.100972,bc_csr_centroid,medium,0,0,0,0,0,0,0
312,1121,1121,FORMER SHELL BULK PLANT ASHCROFT,,,50.730306,-121.272667,bc_csr_centroid,medium,0,0,0,0,0,0,0
313,21355,21355,"8684 AND 8694 RIVER ROAD, DELTA",,,49.150000,-122.981944,bc_csr_centroid,medium,1,0,1,0,0,1,0
314,13009,13009,"6965 KING GEORGE HIGHWAY, SURREY",,,49.130361,-122.847028,bc_csr_centroid,medium,1,0,1,0,0,1,0
315,18959,18959,"11445 124TH STREET, SURREY",,,49.210764,-122.879097,bc_csr_centroid,medium,0,0,0,0,0,0,0
316,3218,3218,HARTWHEEL PETRO-CANADA,,,53.978814,-122.771169,bc_csr_centroid,medium,11,0,11,0,0,11,0
317,16938,16938,PART OF 2500 BLOCK COLLINGWOOD ST.,,,49.264289,-123.181503,bc_csr_centroid,medium,8,0,8,0,0,8,0
318,23220,23220,13685 102 AVE SURREY,,,49.188111,-122.843750,bc_csr_centroid,medium,0,0,0,0,0,0,0
319,14064,14064,23402/23450 FISHERMAN RD &23552 RIVER RD,,,49.187944,-122.571778,bc_csr_centroid,medium,1,0,1,0,0,1,1
320,15315,15315,"816 TO 862 CLEMENT AVENUE, KELOWNA",,,49.893806,-119.485750,bc_csr_centroid,medium,97,0,97,0,0,97,4
321,21767,21767,"ROW ADJACENT TO 2626 BEVAN AVE, SIDNEY",,,48.647667,-123.395417,bc_csr_centroid,medium,0,0,0,0,0,0,0
322,18067,18067,"350 PRIDEAUX STREET, NANAIMO",,,49.163167,-123.942278,bc_csr_centroid,medium,0,0,0,0,0,0,0
323,14836,14836,CROWN LAND ADJACENT TO 297 BURTON AVE,,,49.451769,-120.514114,bc_csr_centroid,medium,0,0,0,0,0,0,0
324,18545,18545,ROADWAY AT 350 PRIDEAUX AND 404 FRANKLYN,,,49.162931,-123.942306,bc_csr_centroid,medium,0,0,0,0,0,0,0
325,18628,18628,BURTON AVE AND ASPEN ST ADJ 297 BURTON,,,49.453833,-120.509917,bc_csr_centroid,medium,0,0,0,0,0,0,0
326,19319,19319,"283 BURTON AVENUE, PRINCETON, BC",,,49.453944,-120.509917,bc_csr_centroid,medium,0,0,0,0,0,0,0
327,2277,2277,ESSO BULK PLANT - PRINCETON,,,49.453889,-120.510361,bc_csr_centroid,medium,0,0,0,0,0,0,0
328,19080,19080,"1869 WILLIAM STREET, VANCOUVER",,,49.274111,-123.065986,bc_csr_centroid,medium,0,0,0,0,0,0,0
329,11991,11991,"177 WEST 3RD STREET, NORTH VANCOUVER",,,49.314383,-123.079817,bc_csr_centroid,medium,26,0,26,0,0,26,0
330,13571,13571,"6260 EAST BOULEVARD, VANCOUVER",,,49.229361,-123.154833,bc_csr_centroid,medium,0,0,0,0,0,0,0
331,16130,16130,"7388 KINGSWAY ST, BURNABY",,,49.218611,-122.950556,bc_csr_centroid,medium,0,0,0,0,0,0,0
332,19977,19977,"3215 KINGSWAY, VANCOUVER",,,49.235139,-123.037222,bc_csr_centroid,medium,0,0,0,0,0,0,0
333,26955,26955,LANEWAY ADJACENT TO 14488 103A AVE,,,49.190511,-122.820419,bc_csr_centroid,medium,0,0,0,0,0,0,0
334,11059,11059,WINDERMERE SERVICE STATION,,,50.489750,-115.987806,bc_csr_centroid,medium,1,0,1,0,0,1,0
335,19869,19869,"PORTION OF VERSATILE DRIVE, LOCATED ADJA",,,50.658364,-120.394650,bc_csr_centroid,medium,0,0,0,0,0,0,0
336,18501,18501,FRASER ROAD AT 8400 RIVER ROAD DELTA,,,49.145889,-122.986944,bc_csr_centroid,medium,0,0,0,0,0,0,0
337,16690,16690,DITCH ALONG HIGHWAY 97 SOUTH,,,55.643056,-122.216111,bc_csr_centroid,medium,0,0,0,0,0,0,0
338,19170,19170,"ADJACENT TO 9582/9572 120TH ST, SURREY",,,49.176833,-122.890028,bc_csr_centroid,medium,0,0,0,0,0,0,0
339,9695,9695,30 COKATO ROAD,,,49.493333,-115.063333,bc_csr_centroid,medium,37,0,37,0,0,37,0
340,27113,27113,819-823 BRUNETTE AVE,,,49.236167,-122.874389,bc_csr_centroid,medium,0,0,0,0,0,0,0
341,0445,0445,"WESTERN STEEL - MITCHELL ISLAND, RCHMD",,,49.203333,-123.113333,bc_csr_centroid,medium,0,0,0,0,0,0,0
342,23140,23140,2008 LIKELY RD.,,,52.200328,-121.957322,bc_csr_centroid,medium,1,0,1,0,0,1,0
343,0411,0411,7477 6TH STREET & 7874 17TH AVENUE,,,49.224053,-122.934725,bc_csr_centroid,medium,40,0,40,0,0,40,84
344,9488,9488,FORT NELSON SULPHUR PELLETIZING PLANT,,,58.653722,-122.699028,bc_csr_centroid,medium,0,0,0,0,0,0,0
345,6672,6672,HISTORIC LANDFILL - SHAWNIGAN LAKE,,,48.655556,-123.621389,bc_csr_centroid,medium,0,0,0,0,0,0,0
