source_id,url_type,url,status,final_url,error
BC_CSR_SCHEDULE_2,document_url,https://www.bclaws.gov.bc.ca/civix/document/id/complete/statreg/375_96_01#Schedule2,200,https://www.bclaws.gov.bc.ca/civix/document/id/complete/statreg/375_96_01#Schedule2,
BC_CSR_SCHEDULE_2,landing_page_url,https://www.bclaws.gov.bc.ca/civix/document/id/complete/statreg/375_96_01,200,https://www.bclaws.gov.bc.ca/civix/document/id/complete/statreg/375_96_01,
BC_CSR_SCHEDULE_2.1,document_url,https://www.bclaws.gov.bc.ca/civix/document/id/complete/statreg/375_96_01#Schedule2.1,200,https://www.bclaws.gov.bc.ca/civix/document/id/complete/statreg/375_96_01#Schedule2.1,
BC_CSR_SCHEDULE_2.1,landing_page_url,https://www.bclaws.gov.bc.ca/civix/document/id/complete/statreg/375_96_01,200,https://www.bclaws.gov.bc.ca/civix/document/id/complete/statreg/375_96_01,
BC_CSR_SCHEDULE_3,document_url,https://www.bclaws.gov.bc.ca/civix/document/id/complete/statreg/375_96_01#Schedule3,200,https://www.bclaws.gov.bc.ca/civix/document/id/complete/statreg/375_96_01#Schedule3,
BC_CSR_SCHEDULE_3,landing_page_url,https://www.bclaws.gov.bc.ca/civix/document/id/complete/statreg/375_96_01,200,https://www.bclaws.gov.bc.ca/civix/document/id/complete/statreg/375_96_01,
BC_CSR_SCHEDULE_3.1,document_url,https://www.bclaws.gov.bc.ca/civix/document/id/complete/statreg/375_96_01#Schedule3.1,200,https://www.bclaws.gov.bc.ca/civix/document/id/complete/statreg/375_96_01#Schedule3.1,
BC_CSR_SCHEDULE_3.1,landing_page_url,https://www.bclaws.gov.bc.ca/civix/document/id/complete/statreg/375_96_01,200,https://www.bclaws.gov.bc.ca/civix/document/id/complete/statreg/375_96_01,
BC_CSR_SCHEDULE_3.1_PART2,document_url,https://www.bclaws.gov.bc.ca/civix/document/id/complete/statreg/375_96_01#Schedule3.1,200,https://www.bclaws.gov.bc.ca/civix/document/id/complete/statreg/375_96_01#Schedule3.1,
BC_CSR_SCHEDULE_3.1_PART2,landing_page_url,https://www.bclaws.gov.bc.ca/civix/document/id/complete/statreg/375_96_01,200,https://www.bclaws.gov.bc.ca/civix/document/id/complete/statreg/375_96_01,
BC_CSR_SCHEDULE_3.2,document_url,https://www.bclaws.gov.bc.ca/civix/document/id/complete/statreg/375_96_01#Schedule3.2,200,https://www.bclaws.gov.bc.ca/civix/document/id/complete/statreg/375_96_01#Schedule3.2,
BC_CSR_SCHEDULE_3.2,landing_page_url,https://www.bclaws.gov.bc.ca/civix/document/id/complete/statreg/375_96_01,200,https://www.bclaws.gov.bc.ca/civix/document/id/complete/statreg/375_96_01,
BC_CSR_SCHEDULE_3.3,document_url,https://www.bclaws.gov.bc.ca/civix/document/id/complete/statreg/375_96_01#Schedule3.3,200,https://www.bclaws.gov.bc.ca/civix/document/id/complete/statreg/375_96_01#Schedule3.3,
BC_CSR_SCHEDULE_3.3,landing_page_url,https://www.bclaws.gov.bc.ca/civix/document/id/complete/statreg/375_96_01,200,https://www.bclaws.gov.bc.ca/civix/document/id/complete/statreg/375_96_01,
BC_CSR_SCHEDULE_3.4,document_url,https://www.bclaws.gov.bc.ca/civix/document/id/complete/statreg/375_96_01#Schedule3.4,200,https://www.bclaws.gov.bc.ca/civix/document/id/complete/statreg/375_96_01#Schedule3.4,
BC_CSR_SCHEDULE_3.4,landing_page_url,https://www.bclaws.gov.bc.ca/civix/document/id/complete/statreg/375_96_01,200,https://www.bclaws.gov.bc.ca/civix/document/id/complete/statreg/375_96_01,
CSAP_BIOACCUMULATION,document_url,https://csapsociety.bc.ca/wp-content/uploads/CSAP-Bioaccummulation-Report..pdf,403,https://csapsociety.bc.ca/wp-content/uploads/CSAP-Bioaccummulation-Report..pdf,HTTPError 403
CSAP_BIOACCUMULATION,landing_page_url,https://csapsociety.bc.ca/for-members/resources/research-technical-studies/,403,https://csapsociety.bc.ca/for-members/resources/research-technical-studies/,HTTPError 403
CSAP_COPC_SCREENING,document_url,https://csapsociety.bc.ca/wp-content/uploads/CSAP-Technical-Review-10-COPC-Screening-2012FEB17.pdf,403,https://csapsociety.bc.ca/wp-content/uploads/CSAP-Technical-Review-10-COPC-Screening-2012FEB17.pdf,HTTPError 403
CSAP_COPC_SCREENING,landing_page_url,https://csapsociety.bc.ca/for-members/resources/guidelines/practice/,403,https://csapsociety.bc.ca/for-members/resources/guidelines/practice/,HTTPError 403
CSAP_IRON_MANGANESE,document_url,https://csapsociety.bc.ca/wp-content/uploads/Golder-CSAP-Modeling-Iron-Manganese-in-Groundwater-2013.pdf,403,https://csapsociety.bc.ca/wp-content/uploads/Golder-CSAP-Modeling-Iron-Manganese-in-Groundwater-2013.pdf,HTTPError 403
CSAP_IRON_MANGANESE,landing_page_url,https://csapsociety.bc.ca/for-members/resources/guidelines/practice/,403,https://csapsociety.bc.ca/for-members/resources/guidelines/practice/,HTTPError 403
CSAP_NPG,document_url,https://csapsociety.bc.ca/wp-content/uploads/CSAP-Numeric-Practice-Guidelines-FINAL-June-2022-v2.xlsx,403,https://csapsociety.bc.ca/wp-content/uploads/CSAP-Numeric-Practice-Guidelines-FINAL-June-2022-v2.xlsx,HTTPError 403
CSAP_NPG,landing_page_url,https://csapsociety.bc.ca/for-members/resources/guidelines/practice/,403,https://csapsociety.bc.ca/for-members/resources/guidelines/practice/,HTTPError 403
CSAP_PCOC,document_url,https://csapsociety.bc.ca/wp-content/uploads/Legacy_Thurber-PCOCGuidanceFinal-Jan2023.pdf,403,https://csapsociety.bc.ca/wp-content/uploads/Legacy_Thurber-PCOCGuidanceFinal-Jan2023.pdf,HTTPError 403
CSAP_PCOC,landing_page_url,https://csapsociety.bc.ca/for-members/resources/research-technical-studies/,403,https://csapsociety.bc.ca/for-members/resources/research-technical-studies/,HTTPError 403
CSAP_PFAS,document_url,https://csapsociety.bc.ca/wp-content/uploads/Final-PFAS-Guidance-Document-dated-2019-05-28.pdf,403,https://csapsociety.bc.ca/wp-content/uploads/Final-PFAS-Guidance-Document-dated-2019-05-28.pdf,HTTPError 403
CSAP_PFAS,landing_page_url,https://csapsociety.bc.ca/for-members/resources/research-technical-studies/,403,https://csapsociety.bc.ca/for-members/resources/research-technical-studies/,HTTPError 403
CSAP_PHC_PCOC,document_url,https://csapsociety.bc.ca/wp-content/uploads/CSAP-Petroleum-Hydrocarbon-PCOC-Review-v2-Final-2020-06-10.pdf,403,https://csapsociety.bc.ca/wp-content/uploads/CSAP-Petroleum-Hydrocarbon-PCOC-Review-v2-Final-2020-06-10.pdf,HTTPError 403
CSAP_PHC_PCOC,landing_page_url,https://csapsociety.bc.ca/for-members/resources/research-technical-studies/,403,https://csapsociety.bc.ca/for-members/resources/research-technical-studies/,HTTPError 403
CSAP_PROFJ,document_url,https://csapsociety.bc.ca/wp-content/uploads/ATT-3_-CSAP-Professional-Judgement-May2nd.pdf,403,https://csapsociety.bc.ca/wp-content/uploads/ATT-3_-CSAP-Professional-Judgement-May2nd.pdf,HTTPError 403
CSAP_PROFJ,landing_page_url,https://csapsociety.bc.ca/for-members/resources/research-technical-studies/,403,https://csapsociety.bc.ca/for-members/resources/research-technical-studies/,HTTPError 403
CSAP_RAPG,document_url,https://csapsociety.bc.ca/wp-content/uploads/CSAP-Risk-Assessment-Practice-Guidelines-FINAL-June2022_v2.xlsx,403,https://csapsociety.bc.ca/wp-content/uploads/CSAP-Risk-Assessment-Practice-Guidelines-FINAL-June2022_v2.xlsx,HTTPError 403
CSAP_RAPG,landing_page_url,https://csapsociety.bc.ca/for-members/resources/guidelines/practice/,403,https://csapsociety.bc.ca/for-members/resources/guidelines/practice/,HTTPError 403
CSAP_ROC_BIOASSAY,document_url,https://csapsociety.bc.ca/wp-content/uploads/CSAP-Technical-Guidance-ROC-bioassay-site-char-July-2013-Final.pdf,403,https://csapsociety.bc.ca/wp-content/uploads/CSAP-Technical-Guidance-ROC-bioassay-site-char-July-2013-Final.pdf,HTTPError 403
CSAP_ROC_BIOASSAY,landing_page_url,https://csapsociety.bc.ca/for-members/resources/guidelines/practice/,403,https://csapsociety.bc.ca/for-members/resources/guidelines/practice/,HTTPError 403
CSAP_SOIL_SAMPLING_DEPTH,document_url,https://csapsociety.bc.ca/wp-content/uploads/CSAP-Technical-Guidance-Soil-sampling-depth_Azimuth-July-2013-Final.pdf,403,https://csapsociety.bc.ca/wp-content/uploads/CSAP-Technical-Guidance-Soil-sampling-depth_Azimuth-July-2013-Final.pdf,HTTPError 403
CSAP_SOIL_SAMPLING_DEPTH,landing_page_url,https://csapsociety.bc.ca/for-members/resources/guidelines/practice/,403,https://csapsociety.bc.ca/for-members/resources/guidelines/practice/,HTTPError 403
CSAP_SOIL_VAPOUR_2009,document_url,https://csapsociety.bc.ca/wp-content/uploads/Soil-Vapour-Panel-Stage-1-FINAL-Oct-09.pdf,403,https://csapsociety.bc.ca/wp-content/uploads/Soil-Vapour-Panel-Stage-1-FINAL-Oct-09.pdf,HTTPError 403
CSAP_SOIL_VAPOUR_2009,landing_page_url,https://csapsociety.bc.ca/for-members/resources/research-technical-studies/,403,https://csapsociety.bc.ca/for-members/resources/research-technical-studies/,HTTPError 403
CSAP_SOIL_VAPOUR_RELOCATION,document_url,https://csapsociety.bc.ca/wp-content/uploads/MEMS-Review-of-Soil-Vapour-Issues-Report-May-2024.pdf,403,https://csapsociety.bc.ca/wp-content/uploads/MEMS-Review-of-Soil-Vapour-Issues-Report-May-2024.pdf,HTTPError 403
CSAP_SOIL_VAPOUR_RELOCATION,landing_page_url,https://csapsociety.bc.ca/for-members/resources/research-technical-studies/,403,https://csapsociety.bc.ca/for-members/resources/research-technical-studies/,HTTPError 403
CSAP_TRENCH_VAPOUR,document_url,https://csapsociety.bc.ca/wp-content/uploads/Trench-Vapour-Attenuation-Factors-Dec-2012.pdf,403,https://csapsociety.bc.ca/wp-content/uploads/Trench-Vapour-Attenuation-Factors-Dec-2012.pdf,HTTPError 403
CSAP_TRENCH_VAPOUR,landing_page_url,https://csapsociety.bc.ca/for-members/resources/guidelines/practice/,403,https://csapsociety.bc.ca/for-members/resources/guidelines/practice/,HTTPError 403
CSAP_UNCERTAINTY_FACTORS,document_url,https://csapsociety.bc.ca/wp-content/uploads/CSAP-Technical-Guidance-UFs-in-TRVs-July-2013-Final.pdf,403,https://csapsociety.bc.ca/wp-content/uploads/CSAP-Technical-Guidance-UFs-in-TRVs-July-2013-Final.pdf,HTTPError 403
CSAP_UNCERTAINTY_FACTORS,landing_page_url,https://csapsociety.bc.ca/for-members/resources/guidelines/practice/,403,https://csapsociety.bc.ca/for-members/resources/guidelines/practice/,HTTPError 403
CSAP_VAPOUR_GUIDANCE_UPDATE,document_url,https://csapsociety.bc.ca/wp-content/uploads/CSAP-Vapour-Guidance-Update-Sept-10-2022.pdf,403,https://csapsociety.bc.ca/wp-content/uploads/CSAP-Vapour-Guidance-Update-Sept-10-2022.pdf,HTTPError 403
CSAP_VAPOUR_GUIDANCE_UPDATE,landing_page_url,https://csapsociety.bc.ca/for-members/resources/research-technical-studies/,403,https://csapsociety.bc.ca/for-members/resources/research-technical-studies/,HTTPError 403
CSR_375_96,document_url,https://www.bclaws.gov.bc.ca/civix/document/id/complete/statreg/375_96_01,200,https://www.bclaws.gov.bc.ca/civix/document/id/complete/statreg/375_96_01,
CSR_375_96,landing_page_url,https://www.bclaws.gov.bc.ca/civix/document/id/complete/statreg/375_96_01,200,https://www.bclaws.gov.bc.ca/civix/document/id/complete/statreg/375_96_01,
CSR_SCH1,document_url,https://www.bclaws.gov.bc.ca/civix/document/id/complete/statreg/375_96_01#Schedule1,200,https://www.bclaws.gov.bc.ca/civix/document/id/complete/statreg/375_96_01#Schedule1,
CSR_SCH1,landing_page_url,https://www.bclaws.gov.bc.ca/civix/document/id/complete/statreg/375_96_01,200,https://www.bclaws.gov.bc.ca/civix/document/id/complete/statreg/375_96_01,
CSR_SCH8,document_url,https://www.bclaws.gov.bc.ca/civix/document/id/complete/statreg/375_96_01#Schedule8,200,https://www.bclaws.gov.bc.ca/civix/document/id/complete/statreg/375_96_01#Schedule8,
CSR_SCH8,landing_page_url,https://www.bclaws.gov.bc.ca/civix/document/id/complete/statreg/375_96_01,200,https://www.bclaws.gov.bc.ca/civix/document/id/complete/statreg/375_96_01,
CSR_SCH8.1,document_url,https://www.bclaws.gov.bc.ca/civix/document/id/complete/statreg/375_96_01#Schedule8.1,200,https://www.bclaws.gov.bc.ca/civix/document/id/complete/statreg/375_96_01#Schedule8.1,
CSR_SCH8.1,landing_page_url,https://www.bclaws.gov.bc.ca/civix/document/id/complete/statreg/375_96_01,200,https://www.bclaws.gov.bc.ca/civix/document/id/complete/statreg/375_96_01,
EMA,document_url,https://www.bclaws.gov.bc.ca/civix/document/id/complete/statreg/03053_00,200,https://www.bclaws.gov.bc.ca/civix/document/id/complete/statreg/03053_00,
EMA,landing_page_url,https://www.bclaws.gov.bc.ca/civix/document/id/complete/statreg/03053_00,200,https://www.bclaws.gov.bc.ca/civix/document/id/complete/statreg/03053_00,
EMA_2003_C53,document_url,https://www.bclaws.gov.bc.ca/civix/document/id/complete/statreg/03053_00,200,https://www.bclaws.gov.bc.ca/civix/document/id/complete/statreg/03053_00,
EMA_2003_C53,landing_page_url,https://www.bclaws.gov.bc.ca/civix/document/id/complete/statreg/03053_00,200,https://www.bclaws.gov.bc.ca/civix/document/id/complete/statreg/03053_00,
ENV_WEB_CONTENT,document_url,https://www2.gov.bc.ca/gov/content/environment/air-land-water/site-remediation,,https://www2.gov.bc.ca/gov/content/environment/air-land-water/site-remediation,ERROR RemoteDisconnected
ENV_WEB_CONTENT,landing_page_url,https://www2.gov.bc.ca/gov/content/environment/air-land-water/site-remediation,,https://www2.gov.bc.ca/gov/content/environment/air-land-water/site-remediation,ERROR RemoteDisconnected
EXT_APIRI_TABLES,document_url,https://atlanticrbca.com/wp-content/uploads/2022/07/ARBCA_V4_Tier_I_RBSL_and_Tier_II_PSSL_Tables_July_21_2021.pdf,200,https://atlanticrbca.com/wp-content/uploads/2022/07/ARBCA_V4_Tier_I_RBSL_and_Tier_II_PSSL_Tables_July_21_2021.pdf,
EXT_APIRI_TABLES,landing_page_url,https://atlanticrbca.com/reference-documentation/,,https://atlanticrbca.com/reference-documentation/,ERROR TimeoutError
P1,document_url,https://www2.gov.bc.ca/assets/gov/environment/air-land-water/site-remediation/docs/protocols/protocol_1_final_jan_2021.pdf,,https://www2.gov.bc.ca/assets/gov/environment/air-land-water/site-remediation/docs/protocols/protocol_1_final_jan_2021.pdf,ERROR RemoteDisconnected
P1,landing_page_url,https://www2.gov.bc.ca/gov/content/environment/air-land-water/site-remediation/legislation-and-protocols,,https://www2.gov.bc.ca/gov/content/environment/air-land-water/site-remediation/legislation-and-protocols,ERROR RemoteDisconnected
P2,document_url,https://www2.gov.bc.ca/assets/gov/environment/air-land-water/site-remediation/docs/protocols/protocol_2_final_nov_2017.pdf,,https://www2.gov.bc.ca/assets/gov/environment/air-land-water/site-remediation/docs/protocols/protocol_2_final_nov_2017.pdf,ERROR RemoteDisconnected
P2,landing_page_url,https://www2.gov.bc.ca/gov/content/environment/air-land-water/site-remediation/legislation-and-protocols,,https://www2.gov.bc.ca/gov/content/environment/air-land-water/site-remediation/legislation-and-protocols,ERROR RemoteDisconnected
P3,document_url,https://www2.gov.bc.ca/assets/gov/environment/air-land-water/site-remediation/docs/protocols/protocol_3_feb_2002.pdf,,https://www2.gov.bc.ca/assets/gov/environment/air-land-water/site-remediation/docs/protocols/protocol_3_feb_2002.pdf,ERROR RemoteDisconnected
P3,landing_page_url,https://www2.gov.bc.ca/gov/content/environment/air-land-water/site-remediation/legislation-and-protocols,,https://www2.gov.bc.ca/gov/content/environment/air-land-water/site-remediation/legislation-and-protocols,ERROR RemoteDisconnected
P4,document_url,https://www2.gov.bc.ca/assets/gov/environment/air-land-water/site-remediation/docs/protocols/protocol_4_final_jan_2021.pdf,,https://www2.gov.bc.ca/assets/gov/environment/air-land-water/site-remediation/docs/protocols/protocol_4_final_jan_2021.pdf,ERROR RemoteDisconnected
P4,landing_page_url,https://www2.gov.bc.ca/gov/content/environment/air-land-water/site-remediation/legislation-and-protocols,,https://www2.gov.bc.ca/gov/content/environment/air-land-water/site-remediation/legislation-and-protocols,ERROR RemoteDisconnected
P6,document_url,https://www2.gov.bc.ca/assets/gov/environment/air-land-water/site-remediation/docs/protocols/p6__jan_2021_revisions_final_signed.pdf,,https://www2.gov.bc.ca/assets/gov/environment/air-land-water/site-remediation/docs/protocols/p6__jan_2021_revisions_final_signed.pdf,ERROR RemoteDisconnected
P6,landing_page_url,https://www2.gov.bc.ca/gov/content/environment/air-land-water/site-remediation/legislation-and-protocols,,https://www2.gov.bc.ca/gov/content/environment/air-land-water/site-remediation/legislation-and-protocols,ERROR RemoteDisconnected
P9,document_url,https://www2.gov.bc.ca/assets/gov/environment/air-land-water/site-remediation/docs/protocols/protocol_9_final_jan_2021.pdf,,https://www2.gov.bc.ca/assets/gov/environment/air-land-water/site-remediation/docs/protocols/protocol_9_final_jan_2021.pdf,ERROR RemoteDisconnected
P9,landing_page_url,https://www2.gov.bc.ca/gov/content/environment/air-land-water/site-remediation/legislation-and-protocols,,https://www2.gov.bc.ca/gov/content/environment/air-land-water/site-remediation/legislation-and-protocols,ERROR RemoteDisconnected
PROCEDURE_8,document_url,,,,EMPTY
PROCEDURE_8,landing_page_url,,,,EMPTY
PROTOCOL_1,document_url,https://www2.gov.bc.ca/assets/gov/environment/air-land-water/site-remediation/docs/protocols/protocol_1_final_jan_2021.pdf,,https://www2.gov.bc.ca/assets/gov/environment/air-land-water/site-remediation/docs/protocols/protocol_1_final_jan_2021.pdf,ERROR RemoteDisconnected
PROTOCOL_1,landing_page_url,https://www2.gov.bc.ca/gov/content/environment/air-land-water/site-remediation/legislation-and-protocols,,https://www2.gov.bc.ca/gov/content/environment/air-land-water/site-remediation/legislation-and-protocols,ERROR RemoteDisconnected
PROTOCOL_10,document_url,https://www2.gov.bc.ca/assets/gov/environment/air-land-water/site-remediation/docs/protocols/protocol_10_nov_2005.pdf,,https://www2.gov.bc.ca/assets/gov/environment/air-land-water/site-remediation/docs/protocols/protocol_10_nov_2005.pdf,ERROR RemoteDisconnected
PROTOCOL_10,landing_page_url,https://www2.gov.bc.ca/gov/content/environment/air-land-water/site-remediation/legislation-and-protocols,,https://www2.gov.bc.ca/gov/content/environment/air-land-water/site-remediation/legislation-and-protocols,ERROR RemoteDisconnected
PROTOCOL_11,document_url,https://www2.gov.bc.ca/assets/gov/environment/air-land-water/site-remediation/docs/protocols/protocol_11_final_jan_2021.pdf,,https://www2.gov.bc.ca/assets/gov/environment/air-land-water/site-remediation/docs/protocols/protocol_11_final_jan_2021.pdf,ERROR RemoteDisconnected
PROTOCOL_11,landing_page_url,https://www2.gov.bc.ca/gov/content/environment/air-land-water/site-remediation/legislation-and-protocols,,https://www2.gov.bc.ca/gov/content/environment/air-land-water/site-remediation/legislation-and-protocols,ERROR RemoteDisconnected
PROTOCOL_12,document_url,https://www2.gov.bc.ca/assets/gov/environment/air-land-water/site-remediation/docs/protocols/protocol_12_final_jan_2021.pdf,,https://www2.gov.bc.ca/assets/gov/environment/air-land-water/site-remediation/docs/protocols/protocol_12_final_jan_2021.pdf,ERROR RemoteDisconnected
PROTOCOL_12,landing_page_url,https://www2.gov.bc.ca/gov/content/environment/air-land-water/site-remediation/legislation-and-protocols,,https://www2.gov.bc.ca/gov/content/environment/air-land-water/site-remediation/legislation-and-protocols,ERROR RemoteDisconnected
PROTOCOL_13,document_url,https://www2.gov.bc.ca/assets/gov/environment/air-land-water/site-remediation/docs/protocols/protocol_13_with_figures.pdf,,https://www2.gov.bc.ca/assets/gov/environment/air-land-water/site-remediation/docs/protocols/protocol_13_with_figures.pdf,ERROR RemoteDisconnected
PROTOCOL_13,landing_page_url,https://www2.gov.bc.ca/gov/content/environment/air-land-water/site-remediation/legislation-and-protocols,,https://www2.gov.bc.ca/gov/content/environment/air-land-water/site-remediation/legislation-and-protocols,ERROR RemoteDisconnected
PROTOCOL_14,document_url,https://www2.gov.bc.ca/assets/gov/environment/air-land-water/site-remediation/docs/protocols/protocol_14_nov_2008.pdf,,https://www2.gov.bc.ca/assets/gov/environment/air-land-water/site-remediation/docs/protocols/protocol_14_nov_2008.pdf,ERROR RemoteDisconnected
PROTOCOL_14,landing_page_url,https://www2.gov.bc.ca/gov/content/environment/air-land-water/site-remediation/legislation-and-protocols,,https://www2.gov.bc.ca/gov/content/environment/air-land-water/site-remediation/legislation-and-protocols,ERROR RemoteDisconnected
PROTOCOL_15,document_url,https://www2.gov.bc.ca/assets/gov/environment/air-land-water/site-remediation/docs/protocols/protocol_15_apr_2013.pdf,,https://www2.gov.bc.ca/assets/gov/environment/air-land-water/site-remediation/docs/protocols/protocol_15_apr_2013.pdf,ERROR RemoteDisconnected
PROTOCOL_15,landing_page_url,https://www2.gov.bc.ca/gov/content/environment/air-land-water/site-remediation/legislation-and-protocols,,https://www2.gov.bc.ca/gov/content/environment/air-land-water/site-remediation/legislation-and-protocols,ERROR RemoteDisconnected
PROTOCOL_16,document_url,https://www2.gov.bc.ca/assets/gov/environment/air-land-water/site-remediation/docs/protocols/protocol_16_final_jan_2021.pdf,,https://www2.gov.bc.ca/assets/gov/environment/air-land-water/site-remediation/docs/protocols/protocol_16_final_jan_2021.pdf,ERROR RemoteDisconnected
PROTOCOL_16,landing_page_url,https://www2.gov.bc.ca/gov/content/environment/air-land-water/site-remediation/legislation-and-protocols,,https://www2.gov.bc.ca/gov/content/environment/air-land-water/site-remediation/legislation-and-protocols,ERROR RemoteDisconnected
PROTOCOL_17,document_url,https://www2.gov.bc.ca/assets/gov/environment/air-land-water/site-remediation/docs/protocols/protocol_17_final_jan_2021.pdf,,https://www2.gov.bc.ca/assets/gov/environment/air-land-water/site-remediation/docs/protocols/protocol_17_final_jan_2021.pdf,ERROR RemoteDisconnected
PROTOCOL_17,landing_page_url,https://www2.gov.bc.ca/gov/content/environment/air-land-water/site-remediation/legislation-and-protocols,,https://www2.gov.bc.ca/gov/content/environment/air-land-water/site-remediation/legislation-and-protocols,ERROR RemoteDisconnected
PROTOCOL_18,document_url,https://www2.gov.bc.ca/assets/gov/environment/air-land-water/site-remediation/docs/protocols/protocol_18_final_nov_2017.pdf,,https://www2.gov.bc.ca/assets/gov/environment/air-land-water/site-remediation/docs/protocols/protocol_18_final_nov_2017.pdf,ERROR RemoteDisconnected
PROTOCOL_18,landing_page_url,https://www2.gov.bc.ca/gov/content/environment/air-land-water/site-remediation/legislation-and-protocols,,https://www2.gov.bc.ca/gov/content/environment/air-land-water/site-remediation/legislation-and-protocols,ERROR RemoteDisconnected
PROTOCOL_19,document_url,https://www2.gov.bc.ca/assets/gov/environment/air-land-water/site-remediation/docs/protocols/protocol_19_feb_2024_final.pdf,,https://www2.gov.bc.ca/assets/gov/environment/air-land-water/site-remediation/docs/protocols/protocol_19_feb_2024_final.pdf,ERROR RemoteDisconnected
PROTOCOL_19,landing_page_url,https://www2.gov.bc.ca/gov/content/environment/air-land-water/site-remediation/legislation-and-protocols,,https://www2.gov.bc.ca/gov/content/environment/air-land-water/site-remediation/legislation-and-protocols,ERROR RemoteDisconnected
PROTOCOL_2,document_url,https://www2.gov.bc.ca/assets/gov/environment/air-land-water/site-remediation/docs/protocols/protocol_2_final_nov_2017.pdf,,https://www2.gov.bc.ca/assets/gov/environment/air-land-water/site-remediation/docs/protocols/protocol_2_final_nov_2017.pdf,ERROR RemoteDisconnected
PROTOCOL_2,landing_page_url,https://www2.gov.bc.ca/gov/content/environment/air-land-water/site-remediation/legislation-and-protocols,,https://www2.gov.bc.ca/gov/content/environment/air-land-water/site-remediation/legislation-and-protocols,ERROR RemoteDisconnected
PROTOCOL_20,document_url,https://www2.gov.bc.ca/assets/gov/environment/air-land-water/site-remediation/docs/protocols/protocol_20_final_nov_2017.pdf,,https://www2.gov.bc.ca/assets/gov/environment/air-land-water/site-remediation/docs/protocols/protocol_20_final_nov_2017.pdf,ERROR RemoteDisconnected
PROTOCOL_20,landing_page_url,https://www2.gov.bc.ca/gov/content/environment/air-land-water/site-remediation/legislation-and-protocols,,https://www2.gov.bc.ca/gov/content/environment/air-land-water/site-remediation/legislation-and-protocols,ERROR RemoteDisconnected
PROTOCOL_21,document_url,https://www2.gov.bc.ca/assets/gov/environment/air-land-water/site-remediation/docs/protocols/protocol_21_final_nov_2017.pdf,,https://www2.gov.bc.ca/assets/gov/environment/air-land-water/site-remediation/docs/protocols/protocol_21_final_nov_2017.pdf,ERROR RemoteDisconnected
PROTOCOL_21,landing_page_url,https://www2.gov.bc.ca/gov/content/environment/air-land-water/site-remediation/legislation-and-protocols,,https://www2.gov.bc.ca/gov/content/environment/air-land-water/site-remediation/legislation-and-protocols,ERROR RemoteDisconnected
PROTOCOL_22,document_url,https://www2.gov.bc.ca/assets/gov/environment/air-land-water/site-remediation/docs/protocols/protocol_22_final_nov_2017.pdf,,https://www2.gov.bc.ca/assets/gov/environment/air-land-water/site-remediation/docs/protocols/protocol_22_final_nov_2017.pdf,ERROR RemoteDisconnected
PROTOCOL_22,landing_page_url,https://www2.gov.bc.ca/gov/content/environment/air-land-water/site-remediation/legislation-and-protocols,,https://www2.gov.bc.ca/gov/content/environment/air-land-water/site-remediation/legislation-and-protocols,ERROR RemoteDisconnected
PROTOCOL_27,document_url,https://www2.gov.bc.ca/assets/gov/environment/air-land-water/site-remediation/docs/protocols/protocol_27_final_nov_2017.pdf,,https://www2.gov.bc.ca/assets/gov/environment/air-land-water/site-remediation/docs/protocols/protocol_27_final_nov_2017.pdf,ERROR RemoteDisconnected
PROTOCOL_27,landing_page_url,https://www2.gov.bc.ca/gov/content/environment/air-land-water/site-remediation/legislation-and-protocols,,https://www2.gov.bc.ca/gov/content/environment/air-land-water/site-remediation/legislation-and-protocols,ERROR RemoteDisconnected
PROTOCOL_28,document_url,https://www2.gov.bc.ca/assets/gov/environment/air-land-water/site-remediation/docs/protocols/protocol_28_final_jan_2021.pdf,,https://www2.gov.bc.ca/assets/gov/environment/air-land-water/site-remediation/docs/protocols/protocol_28_final_jan_2021.pdf,ERROR RemoteDisconnected
PROTOCOL_28,landing_page_url,https://www2.gov.bc.ca/gov/content/environment/air-land-water/site-remediation/legislation-and-protocols,,https://www2.gov.bc.ca/gov/content/environment/air-land-water/site-remediation/legislation-and-protocols,ERROR RemoteDisconnected
PROTOCOL_3,document_url,https://www2.gov.bc.ca/assets/gov/environment/air-land-water/site-remediation/docs/protocols/protocol_3_feb_2002.pdf,,https://www2.gov.bc.ca/assets/gov/environment/air-land-water/site-remediation/docs/protocols/protocol_3_feb_2002.pdf,ERROR RemoteDisconnected
PROTOCOL_3,landing_page_url,https://www2.gov.bc.ca/gov/content/environment/air-land-water/site-remediation/legislation-and-protocols,,https://www2.gov.bc.ca/gov/content/environment/air-land-water/site-remediation/legislation-and-protocols,ERROR RemoteDisconnected
PROTOCOL_4,document_url,https://www2.gov.bc.ca/assets/gov/environment/air-land-water/site-remediation/docs/protocols/protocol_4_final_jan_2021.pdf,,https://www2.gov.bc.ca/assets/gov/environment/air-land-water/site-remediation/docs/protocols/protocol_4_final_jan_2021.pdf,ERROR RemoteDisconnected
PROTOCOL_4,landing_page_url,https://www2.gov.bc.ca/gov/content/environment/air-land-water/site-remediation/legislation-and-protocols,,https://www2.gov.bc.ca/gov/content/environment/air-land-water/site-remediation/legislation-and-protocols,ERROR RemoteDisconnected
PROTOCOL_6,document_url,https://www2.gov.bc.ca/assets/gov/environment/air-land-water/site-remediation/docs/protocols/p6__jan_2021_revisions_final_signed.pdf,,https://www2.gov.bc.ca/assets/gov/environment/air-land-water/site-remediation/docs/protocols/p6__jan_2021_revisions_final_signed.pdf,ERROR RemoteDisconnected
PROTOCOL_6,landing_page_url,https://www2.gov.bc.ca/gov/content/environment/air-land-water/site-remediation/legislation-and-protocols,,https://www2.gov.bc.ca/gov/content/environment/air-land-water/site-remediation/legislation-and-protocols,ERROR RemoteDisconnected
PROTOCOL_8,document_url,https://www2.gov.bc.ca/assets/gov/environment/air-land-water/site-remediation/docs/protocols/protocol_8_feb_2002.pdf,,https://www2.gov.bc.ca/assets/gov/environment/air-land-water/site-remediation/docs/protocols/protocol_8_feb_2002.pdf,ERROR RemoteDisconnected
PROTOCOL_8,landing_page_url,https://www2.gov.bc.ca/gov/content/environment/air-land-water/site-remediation/legislation-and-protocols,,https://www2.gov.bc.ca/gov/content/environment/air-land-water/site-remediation/legislation-and-protocols,ERROR RemoteDisconnected
PROTOCOL_9,document_url,https://www2.gov.bc.ca/assets/gov/environment/air-land-water/site-remediation/docs/protocols/protocol_9_final_jan_2021.pdf,,https://www2.gov.bc.ca/assets/gov/environment/air-land-water/site-remediation/docs/protocols/protocol_9_final_jan_2021.pdf,ERROR RemoteDisconnected
PROTOCOL_9,landing_page_url,https://www2.gov.bc.ca/gov/content/environment/air-land-water/site-remediation/legislation-and-protocols,,https://www2.gov.bc.ca/gov/content/environment/air-land-water/site-remediation/legislation-and-protocols,ERROR RemoteDisconnected
TEST_SAMPLE,document_url,,,,EMPTY
TEST_SAMPLE,landing_page_url,,,,EMPTY
TG01,document_url,https://www2.gov.bc.ca/assets/gov/environment/air-land-water/site-remediation/docs/technical-guidance/tg01_aug_2021.pdf,,https://www2.gov.bc.ca/assets/gov/environment/air-land-water/site-remediation/docs/technical-guidance/tg01_aug_2021.pdf,ERROR RemoteDisconnected
TG01,landing_page_url,https://www2.gov.bc.ca/gov/content/environment/air-land-water/site-remediation/guidance-resources,,https://www2.gov.bc.ca/gov/content/environment/air-land-water/site-remediation/guidance-resources,ERROR RemoteDisconnected
TG02,document_url,https://www2.gov.bc.ca/assets/gov/environment/air-land-water/site-remediation/docs/technical-guidance/tg02_aug_2021.pdf,,https://www2.gov.bc.ca/assets/gov/environment/air-land-water/site-remediation/docs/technical-guidance/tg02_aug_2021.pdf,ERROR RemoteDisconnected
TG02,landing_page_url,https://www2.gov.bc.ca/gov/content/environment/air-land-water/site-remediation/guidance-resources,,https://www2.gov.bc.ca/gov/content/environment/air-land-water/site-remediation/guidance-resources,ERROR RemoteDisconnected
TG03,document_url,https://www2.gov.bc.ca/assets/gov/environment/air-land-water/site-remediation/docs/technical-guidance/tg03.pdf,,https://www2.gov.bc.ca/assets/gov/environment/air-land-water/site-remediation/docs/technical-guidance/tg03.pdf,ERROR RemoteDisconnected
TG03,landing_page_url,https://www2.gov.bc.ca/gov/content/environment/air-land-water/site-remediation/guidance-resources,,https://www2.gov.bc.ca/gov/content/environment/air-land-water/site-remediation/guidance-resources,ERROR RemoteDisconnected
TG04,document_url,https://www2.gov.bc.ca/assets/gov/environment/air-land-water/site-remediation/docs/technical-guidance/tg04_dec_2017.pdf,,https://www2.gov.bc.ca/assets/gov/environment/air-land-water/site-remediation/docs/technical-guidance/tg04_dec_2017.pdf,ERROR RemoteDisconnected
TG04,landing_page_url,https://www2.gov.bc.ca/gov/content/environment/air-land-water/site-remediation/guidance-resources,,https://www2.gov.bc.ca/gov/content/environment/air-land-water/site-remediation/guidance-resources,ERROR RemoteDisconnected
TG05,document_url,https://www2.gov.bc.ca/assets/gov/environment/air-land-water/site-remediation/docs/technical-guidance/tg05_jan_2021.pdf,,https://www2.gov.bc.ca/assets/gov/environment/air-land-water/site-remediation/docs/technical-guidance/tg05_jan_2021.pdf,ERROR RemoteDisconnected
TG05,landing_page_url,https://www2.gov.bc.ca/gov/content/environment/air-land-water/site-remediation/guidance-resources,,https://www2.gov.bc.ca/gov/content/environment/air-land-water/site-remediation/guidance-resources,ERROR RemoteDisconnected
TG06,document_url,https://www2.gov.bc.ca/assets/gov/environment/air-land-water/site-remediation/docs/technical-guidance/tg06_jul_2020.pdf,,https://www2.gov.bc.ca/assets/gov/environment/air-land-water/site-remediation/docs/technical-guidance/tg06_jul_2020.pdf,ERROR RemoteDisconnected
TG06,landing_page_url,https://www2.gov.bc.ca/gov/content/environment/air-land-water/site-remediation/guidance-resources,,https://www2.gov.bc.ca/gov/content/environment/air-land-water/site-remediation/guidance-resources,ERROR RemoteDisconnected
TG11,document_url,https://www2.gov.bc.ca/assets/gov/environment/air-land-water/site-remediation/docs/technical-guidance/tg11_aug_2021.pdf,,https://www2.gov.bc.ca/assets/gov/environment/air-land-water/site-remediation/docs/technical-guidance/tg11_aug_2021.pdf,ERROR RemoteDisconnected
TG11,landing_page_url,https://www2.gov.bc.ca/gov/content/environment/air-land-water/site-remediation/guidance-resources,,https://www2.gov.bc.ca/gov/content/environment/air-land-water/site-remediation/guidance-resources,ERROR RemoteDisconnected
